<manifest alg="2" build="2017.0.0.363" opt="true" iceEnabled="true" iceMarkupVersion="2" iceEnabledOptions="link,responsive,cachebuster" exportTarget="other" domain="www.I-AM-INFINITY.com" resolutions="1x" timestamp="1606133405703">
  <folder name="css">
    <file name="site_global.css" crc="3872606453"/>
    <file name="master_a-master.css" crc="476300667" ref="index:interface:story:software:design:contact"/>
    <file name="index.css" crc="475479036" ref="index"/>
    <file name="interface.css" crc="3781141881" ref="interface"/>
    <file name="story.css" crc="4093057021" ref="story"/>
    <file name="software.css" crc="3889008777" ref="software"/>
    <file name="design.css" crc="171898799" ref="design"/>
    <file name="contact.css" crc="438425514" ref="contact"/>
  </folder>
  <folder name="assets">
    <folder name="iphone-portfolioupdate">
      <folder name="edge_includes">
        <file name="edge.2.0.0.min.js" crc="3766536203" mt="1373859596000"/>
        <file name="jquery-1.7.1.min.js" crc="111770969" mt="1373859596000"/>
      </folder>
      <folder name="images">
        <file name="background.png" crc="4133420179" mt="1373859596000"/>
        <file name="Beautiful-Blue-Icons-HD-Wallpaper-for-iPhone-5.png" crc="4508716" mt="1373859596000"/>
        <file name="GOOD FRONTAL PROMO .jpg" crc="4096954916" mt="1373859596000"/>
        <file name="iPhone 5 For Portfolio.png" crc="3803893176" mt="1373859596000"/>
        <file name="iPhone-5_0000_Layer-4.png" crc="312994023" mt="1373859596000"/>
        <file name="iPhone-5_0000_Layer-42.png" crc="312994023" mt="1373859596000"/>
        <file name="iPhone-5_0000_Layer-43.png" crc="312994023" mt="1373859596000"/>
        <file name="iPhone-5_0001_Layer-3.png" crc="248067921" mt="1373859596000"/>
        <file name="iPhone-5_0001_Layer-32.png" crc="248067921" mt="1373859596000"/>
        <file name="iPhone-5_0002_Layer-2.png" crc="4285189452" mt="1373859596000"/>
        <file name="iPhone-5_0002_Layer-22.png" crc="4285189452" mt="1373859596000"/>
        <file name="iPhone-5_0003_Layer-1.png" crc="375248906" mt="1373859596000"/>
        <file name="iPhone-5_0003_Layer-12.png" crc="375248906" mt="1373859596000"/>
        <file name="iphone-bg.png" crc="393530274" mt="1373859596000"/>
        <file name="iPhone100_0000_Layer-4.png" crc="278760177" mt="1373859596000"/>
        <file name="iPhone_0000_Layer-4.png" crc="4152149778" mt="1373859596000"/>
        <file name="iPhone_0001_Layer-3.png" crc="237275" mt="1373859596000"/>
        <file name="iPhone_0002_Layer-2.png" crc="4271750047" mt="1373859596000"/>
        <file name="iPhone_0003_Layer-1.png" crc="4243761924" mt="1373859596000"/>
        <file name="lock-bottom.png" crc="4267936846" mt="1373859596000"/>
        <file name="lock-slider.png" crc="3766147947" mt="1373859596000"/>
        <file name="lock-top.png" crc="461228665" mt="1373859596000"/>
        <file name="Poster.png" crc="505253187" mt="1373859596000"/>
        <file name="loader-bar.gif" crc="376648417" mt="1373859596000"/>
        <file name="preloader4.gif" crc="85566964" mt="1373859596000"/>
        <file name="preloader5.gif" crc="4020311544" mt="1373859596000"/>
        <file name="preloader52.gif" crc="4020311544" mt="1373859596000"/>
        <file name="slide-to-unlock.gif" crc="4232684097" mt="1373859596000"/>
      </folder>
      <file name="iPhone PortfolioUpdate_edge.js" crc="3850849619" mt="1373859596000"/>
      <file name="iPhone PortfolioUpdate_edgeActions.js" crc="241782550" mt="1373859596000"/>
      <file name="iPhone PortfolioUpdate_edgePreload.js" crc="357709859" mt="1373859596000"/>
      <file name="iPhone PortfolioUpdate.html" crc="3949697116" mt="1373859596000"/>
    </folder>
  </folder>
  <folder name="scripts">
    <file name="jquery-1.8.3.min.js" crc="209076791" ref="index:design:interface:software:story:contact"/>
    <file name="museutils.js" crc="163421577" ref="index:design:interface:software:story:contact"/>
    <file name="whatinput.js" crc="86476730" ref="index:design:interface:software:story:contact"/>
    <file name="museconfig.js" crc="36584860" ref="index:design:interface:software:story:contact"/>
    <file name="jquery.musemenu.js" crc="146495465" ref="index:design:interface:software:story:contact"/>
    <file name="jquery.musepolyfill.bgsize.js" crc="379354253" ref="index:design:software:interface:story:contact"/>
    <file name="jquery.watch.js" crc="104486786" ref="index:design:interface:software:story:contact"/>
    <file name="html5shiv.js" crc="4241844378" ref="index:design:interface:software:story:contact"/>
    <file name="require.js" crc="244322403" ref="index:design:interface:software:story:contact"/>
    <file name="webpro.js" crc="3848665353" ref="design"/>
    <file name="musewpslideshow.js" crc="4041717617" ref="design"/>
    <file name="jquery.museoverlay.js" crc="36492500" ref="design"/>
    <file name="touchswipe.js" crc="404375771" ref="design"/>
  </folder>
  <folder name="images">
    <file name="1 photo.jpg" crc="4255792616" seo="true" ref="index"/>
    <file name="earth_from_space-1513525.jpg" crc="4035408982" ref="index:software"/>
    <file name="neo render good38.jpg" crc="4253326346" seo="true" ref="design"/>
    <file name="blank.gif" crc="4208392903" ref="design"/>
    <file name="neo render good10.jpg" crc="332663088" seo="true" ref="design"/>
    <file name="neo render good12.jpg" crc="4208058565" seo="true" ref="design"/>
    <file name="neo render good20.jpg" crc="4167740813" seo="true" ref="design"/>
    <file name="neo render good37pg.jpg" crc="181219979" seo="true" ref="design"/>
    <file name="neo render good3860x45.jpg" crc="262893594" seo="true" ref="design"/>
    <file name="neo render good1060x45.jpg" crc="216009873" seo="true" ref="design"/>
    <file name="neo render good1260x45.jpg" crc="205875715" seo="true" ref="design"/>
    <file name="neo render good2060x45.jpg" crc="289617966" seo="true" ref="design"/>
    <file name="neo render good37pg60x45.jpg" crc="369338271" seo="true" ref="design"/>
    <file name="u2215-4.png" crc="4059671129" ref="design"/>
    <file name="u2175-4.png" crc="87649374" ref="design"/>
    <file name="loading.gif" crc="3815509949" ref="design"/>
    <file name="good rockstar frontal with spacebass 1024.jpg" crc="4037758805" seo="true" ref="design"/>
    <file name="spacebass for kickstarter copy.jpg" crc="308149798" seo="true" ref="design"/>
    <file name="waveform01 spacebass01 with white keyboard midi module.jpg" crc="400508778" seo="true" ref="design"/>
    <file name="waveform01 spacebass01 with white midi module.jpg" crc="132161466" seo="true" ref="design"/>
    <file name="good rockstar frontal with spacebass 102460x45.jpg" crc="4128600600" seo="true" ref="design"/>
    <file name="spacebass for kickstarter copy60x45.jpg" crc="456968367" seo="true" ref="design"/>
    <file name="waveform01 spacebass01 with white keyboard midi module60x45.jpg" crc="435222854" seo="true" ref="design"/>
    <file name="waveform01 spacebass01 with white midi module60x45.jpg" crc="4332536" seo="true" ref="design"/>
    <file name="u610-4.png" crc="4059671129" ref="design"/>
    <file name="u607-4.png" crc="87649374" ref="design"/>
    <file name="omni-infinity-logo.jpg" crc="184221259" seo="true" ref="design:contact"/>
    <file name="earth_from_space-15135252.jpg" crc="4035408982" ref="design:interface:story:contact"/>
  </folder>
  <file name="index.html" crc="450742343" seo="true" mt="1606132935649" redirect="true"/>
  <file name="design.html" crc="15194963" seo="true" mt="1606132218483" redirect="true"/>
  <file name="interface.html" crc="4107572589" seo="true" mt="1606132218483" redirect="true"/>
  <file name="software.html" crc="259059730" seo="true" mt="1606133390758" redirect="true"/>
  <file name="story.html" crc="4228450712" seo="true" mt="1606132218483" redirect="true"/>
  <file name="contact.html" crc="4188891266" seo="true" mt="1606132410254" redirect="true"/>
</manifest>